ID,BlendProperty1,BlendProperty2,BlendProperty3,BlendProperty4,BlendProperty5,BlendProperty6,BlendProperty7,BlendProperty8,BlendProperty9,BlendProperty10
1,-0.017766235,-0.0073271226,-0.011084138,-0.0066062203,-0.017241355,-0.0022426576,-0.01391586,-0.017972797,-0.002157009,-6.919885e-05
2,-0.017766235,-0.0073271226,-0.011084138,-0.0066062203,-0.017241355,-0.0022426576,-0.01391586,-0.017972797,-0.002157009,-6.919885e-05
3,-0.017766235,-0.0073271226,-0.011084138,-0.0066062203,-0.017241355,-0.0022426576,-0.01391586,-0.017972797,-0.002157009,-6.919885e-05
4,-0.017766235,-0.0073271226,-0.011084138,-0.0066062203,-0.017241355,-0.0022426576,-0.01391586,-0.017972797,-0.002157009,-6.919885e-05
5,-0.017766235,-0.0073271226,-0.011084138,-0.0066062203,-0.017241355,-0.0022426576,-0.01391586,-0.017972797,-0.002157009,-6.919885e-05
6,-0.017766235,-0.0073271226,-0.011084138,-0.0066062203,-0.017241355,-0.0022426576,-0.01391586,-0.017972797,-0.002157009,-6.919885e-05
7,-0.017766235,-0.0073271226,-0.011084138,-0.0066062203,-0.017241355,-0.0022426576,-0.01391586,-0.017972797,-0.002157009,-6.919885e-05
8,-0.017766235,-0.0073271226,-0.011084138,-0.0066062203,-0.017241355,-0.0022426576,-0.01391586,-0.017972797,-0.002157009,-6.919885e-05
9,-0.017766235,-0.0073271226,-0.011084138,-0.0066062203,-0.017241355,-0.0022426576,-0.01391586,-0.017972797,-0.002157009,-6.919885e-05
10,-0.017766235,-0.0073271226,-0.011084138,-0.0066062203,-0.017241355,-0.0022426576,-0.01391586,-0.017972797,-0.002157009,-6.919885e-05
11,-0.017766235,-0.0073271226,-0.011084138,-0.0066062203,-0.017241355,-0.0022426576,-0.01391586,-0.017972797,-0.002157009,-6.919885e-05
12,-0.017766235,-0.0073271226,-0.011084138,-0.0066062203,-0.017241355,-0.0022426576,-0.01391586,-0.017972797,-0.002157009,-6.919885e-05
13,-0.017766235,-0.0073271226,-0.011084138,-0.0066062203,-0.017241355,-0.0022426576,-0.01391586,-0.017972797,-0.002157009,-6.919885e-05
14,-0.017766235,-0.0073271226,-0.011084138,-0.0066062203,-0.017241355,-0.0022426576,-0.01391586,-0.017972797,-0.002157009,-6.919885e-05
15,-0.017766235,-0.0073271226,-0.011084138,-0.0066062203,-0.017241355,-0.0022426576,-0.01391586,-0.017972797,-0.002157009,-6.919885e-05
16,-0.017766235,-0.0073271226,-0.011084138,-0.0066062203,-0.017241355,-0.0022426576,-0.01391586,-0.017972797,-0.002157009,-6.919885e-05
17,-0.017766235,-0.0073271226,-0.011084138,-0.0066062203,-0.017241355,-0.0022426576,-0.01391586,-0.017972797,-0.002157009,-6.919885e-05
18,-0.017766235,-0.0073271226,-0.011084138,-0.0066062203,-0.017241355,-0.0022426576,-0.01391586,-0.017972797,-0.002157009,-6.919885e-05
19,-0.017766235,-0.0073271226,-0.011084138,-0.0066062203,-0.017241355,-0.0022426576,-0.01391586,-0.017972797,-0.002157009,-6.919885e-05
20,-0.017766235,-0.0073271226,-0.011084138,-0.0066062203,-0.017241355,-0.0022426576,-0.01391586,-0.017972797,-0.002157009,-6.919885e-05
21,-0.017766235,-0.0073271226,-0.011084138,-0.0066062203,-0.017241355,-0.0022426576,-0.01391586,-0.017972797,-0.002157009,-6.919885e-05
22,-0.017766235,-0.0073271226,-0.011084138,-0.0066062203,-0.017241355,-0.0022426576,-0.01391586,-0.017972797,-0.002157009,-6.919885e-05
23,-0.017766235,-0.0073271226,-0.011084138,-0.0066062203,-0.017241355,-0.0022426576,-0.01391586,-0.017972797,-0.002157009,-6.919885e-05
24,-0.017766235,-0.0073271226,-0.011084138,-0.0066062203,-0.017241355,-0.0022426576,-0.01391586,-0.017972797,-0.002157009,-6.919885e-05
25,-0.017766235,-0.0073271226,-0.011084138,-0.0066062203,-0.017241355,-0.0022426576,-0.01391586,-0.017972797,-0.002157009,-6.919885e-05
26,-0.017766235,-0.0073271226,-0.011084138,-0.0066062203,-0.017241355,-0.0022426576,-0.01391586,-0.017972797,-0.002157009,-6.919885e-05
27,-0.017766235,-0.0073271226,-0.011084138,-0.0066062203,-0.017241355,-0.0022426576,-0.01391586,-0.017972797,-0.002157009,-6.919885e-05
28,-0.017766235,-0.0073271226,-0.011084138,-0.0066062203,-0.017241355,-0.0022426576,-0.01391586,-0.017972797,-0.002157009,-6.919885e-05
29,-0.017766235,-0.0073271226,-0.011084138,-0.0066062203,-0.017241355,-0.0022426576,-0.01391586,-0.017972797,-0.002157009,-6.919885e-05
30,-0.017766235,-0.0073271226,-0.011084138,-0.0066062203,-0.017241355,-0.0022426576,-0.01391586,-0.017972797,-0.002157009,-6.919885e-05
31,-0.017766235,-0.0073271226,-0.011084138,-0.0066062203,-0.017241355,-0.0022426576,-0.01391586,-0.017972797,-0.002157009,-6.919885e-05
32,-0.017766235,-0.0073271226,-0.011084138,-0.0066062203,-0.017241355,-0.0022426576,-0.01391586,-0.017972797,-0.002157009,-6.919885e-05
33,-0.017766235,-0.0073271226,-0.011084138,-0.0066062203,-0.017241355,-0.0022426576,-0.01391586,-0.017972797,-0.002157009,-6.919885e-05
34,-0.017766235,-0.0073271226,-0.011084138,-0.0066062203,-0.017241355,-0.0022426576,-0.01391586,-0.017972797,-0.002157009,-6.919885e-05
35,-0.017766235,-0.0073271226,-0.011084138,-0.0066062203,-0.017241355,-0.0022426576,-0.01391586,-0.017972797,-0.002157009,-6.919885e-05
36,-0.017766235,-0.0073271226,-0.011084138,-0.0066062203,-0.017241355,-0.0022426576,-0.01391586,-0.017972797,-0.002157009,-6.919885e-05
37,-0.017766235,-0.0073271226,-0.011084138,-0.0066062203,-0.017241355,-0.0022426576,-0.01391586,-0.017972797,-0.002157009,-6.919885e-05
38,-0.017766235,-0.0073271226,-0.011084138,-0.0066062203,-0.017241355,-0.0022426576,-0.01391586,-0.017972797,-0.002157009,-6.919885e-05
39,-0.017766235,-0.0073271226,-0.011084138,-0.0066062203,-0.017241355,-0.0022426576,-0.01391586,-0.017972797,-0.002157009,-6.919885e-05
40,-0.017766235,-0.0073271226,-0.011084138,-0.0066062203,-0.017241355,-0.0022426576,-0.01391586,-0.017972797,-0.002157009,-6.919885e-05
41,-0.017766235,-0.0073271226,-0.011084138,-0.0066062203,-0.017241355,-0.0022426576,-0.01391586,-0.017972797,-0.002157009,-6.919885e-05
42,-0.017766235,-0.0073271226,-0.011084138,-0.0066062203,-0.017241355,-0.0022426576,-0.01391586,-0.017972797,-0.002157009,-6.919885e-05
43,-0.017766235,-0.0073271226,-0.011084138,-0.0066062203,-0.017241355,-0.0022426576,-0.01391586,-0.017972797,-0.002157009,-6.919885e-05
44,-0.017766235,-0.0073271226,-0.011084138,-0.0066062203,-0.017241355,-0.0022426576,-0.01391586,-0.017972797,-0.002157009,-6.919885e-05
45,-0.017766235,-0.0073271226,-0.011084138,-0.0066062203,-0.017241355,-0.0022426576,-0.01391586,-0.017972797,-0.002157009,-6.919885e-05
46,-0.017766235,-0.0073271226,-0.011084138,-0.0066062203,-0.017241355,-0.0022426576,-0.01391586,-0.017972797,-0.002157009,-6.919885e-05
47,-0.017766235,-0.0073271226,-0.011084138,-0.0066062203,-0.017241355,-0.0022426576,-0.01391586,-0.017972797,-0.002157009,-6.919885e-05
48,-0.017766235,-0.0073271226,-0.011084138,-0.0066062203,-0.017241355,-0.0022426576,-0.01391586,-0.017972797,-0.002157009,-6.919885e-05
49,-0.017766235,-0.0073271226,-0.011084138,-0.0066062203,-0.017241355,-0.0022426576,-0.01391586,-0.017972797,-0.002157009,-6.919885e-05
50,-0.017766235,-0.0073271226,-0.011084138,-0.0066062203,-0.017241355,-0.0022426576,-0.01391586,-0.017972797,-0.002157009,-6.919885e-05
51,-0.017766235,-0.0073271226,-0.011084138,-0.0066062203,-0.017241355,-0.0022426576,-0.01391586,-0.017972797,-0.002157009,-6.919885e-05
52,-0.017766235,-0.0073271226,-0.011084138,-0.0066062203,-0.017241355,-0.0022426576,-0.01391586,-0.017972797,-0.002157009,-6.919885e-05
53,-0.017766235,-0.0073271226,-0.011084138,-0.0066062203,-0.017241355,-0.0022426576,-0.01391586,-0.017972797,-0.002157009,-6.919885e-05
54,-0.017766235,-0.0073271226,-0.011084138,-0.0066062203,-0.017241355,-0.0022426576,-0.01391586,-0.017972797,-0.002157009,-6.919885e-05
55,-0.017766235,-0.0073271226,-0.011084138,-0.0066062203,-0.017241355,-0.0022426576,-0.01391586,-0.017972797,-0.002157009,-6.919885e-05
56,-0.017766235,-0.0073271226,-0.011084138,-0.0066062203,-0.017241355,-0.0022426576,-0.01391586,-0.017972797,-0.002157009,-6.919885e-05
57,-0.017766235,-0.0073271226,-0.011084138,-0.0066062203,-0.017241355,-0.0022426576,-0.01391586,-0.017972797,-0.002157009,-6.919885e-05
58,-0.017766235,-0.0073271226,-0.011084138,-0.0066062203,-0.017241355,-0.0022426576,-0.01391586,-0.017972797,-0.002157009,-6.919885e-05
59,-0.017766235,-0.0073271226,-0.011084138,-0.0066062203,-0.017241355,-0.0022426576,-0.01391586,-0.017972797,-0.002157009,-6.919885e-05
60,-0.017766235,-0.0073271226,-0.011084138,-0.0066062203,-0.017241355,-0.0022426576,-0.01391586,-0.017972797,-0.002157009,-6.919885e-05
61,-0.017766235,-0.0073271226,-0.011084138,-0.0066062203,-0.017241355,-0.0022426576,-0.01391586,-0.017972797,-0.002157009,-6.919885e-05
62,-0.017766235,-0.0073271226,-0.011084138,-0.0066062203,-0.017241355,-0.0022426576,-0.01391586,-0.017972797,-0.002157009,-6.919885e-05
63,-0.017766235,-0.0073271226,-0.011084138,-0.0066062203,-0.017241355,-0.0022426576,-0.01391586,-0.017972797,-0.002157009,-6.919885e-05
64,-0.017766235,-0.0073271226,-0.011084138,-0.0066062203,-0.017241355,-0.0022426576,-0.01391586,-0.017972797,-0.002157009,-6.919885e-05
65,-0.017766235,-0.0073271226,-0.011084138,-0.0066062203,-0.017241355,-0.0022426576,-0.01391586,-0.017972797,-0.002157009,-6.919885e-05
66,-0.017766235,-0.0073271226,-0.011084138,-0.0066062203,-0.017241355,-0.0022426576,-0.01391586,-0.017972797,-0.002157009,-6.919885e-05
67,-0.017766235,-0.0073271226,-0.011084138,-0.0066062203,-0.017241355,-0.0022426576,-0.01391586,-0.017972797,-0.002157009,-6.919885e-05
68,-0.017766235,-0.0073271226,-0.011084138,-0.0066062203,-0.017241355,-0.0022426576,-0.01391586,-0.017972797,-0.002157009,-6.919885e-05
69,-0.017766235,-0.0073271226,-0.011084138,-0.0066062203,-0.017241355,-0.0022426576,-0.01391586,-0.017972797,-0.002157009,-6.919885e-05
70,-0.017766235,-0.0073271226,-0.011084138,-0.0066062203,-0.017241355,-0.0022426576,-0.01391586,-0.017972797,-0.002157009,-6.919885e-05
71,-0.017766235,-0.0073271226,-0.011084138,-0.0066062203,-0.017241355,-0.0022426576,-0.01391586,-0.017972797,-0.002157009,-6.919885e-05
72,-0.017766235,-0.0073271226,-0.011084138,-0.0066062203,-0.017241355,-0.0022426576,-0.01391586,-0.017972797,-0.002157009,-6.919885e-05
73,-0.017766235,-0.0073271226,-0.011084138,-0.0066062203,-0.017241355,-0.0022426576,-0.01391586,-0.017972797,-0.002157009,-6.919885e-05
74,-0.017766235,-0.0073271226,-0.011084138,-0.0066062203,-0.017241355,-0.0022426576,-0.01391586,-0.017972797,-0.002157009,-6.919885e-05
75,-0.017766235,-0.0073271226,-0.011084138,-0.0066062203,-0.017241355,-0.0022426576,-0.01391586,-0.017972797,-0.002157009,-6.919885e-05
76,-0.017766235,-0.0073271226,-0.011084138,-0.0066062203,-0.017241355,-0.0022426576,-0.01391586,-0.017972797,-0.002157009,-6.919885e-05
77,-0.017766235,-0.0073271226,-0.011084138,-0.0066062203,-0.017241355,-0.0022426576,-0.01391586,-0.017972797,-0.002157009,-6.919885e-05
78,-0.017766235,-0.0073271226,-0.011084138,-0.0066062203,-0.017241355,-0.0022426576,-0.01391586,-0.017972797,-0.002157009,-6.919885e-05
79,-0.017766235,-0.0073271226,-0.011084138,-0.0066062203,-0.017241355,-0.0022426576,-0.01391586,-0.017972797,-0.002157009,-6.919885e-05
80,-0.017766235,-0.0073271226,-0.011084138,-0.0066062203,-0.017241355,-0.0022426576,-0.01391586,-0.017972797,-0.002157009,-6.919885e-05
81,-0.017766235,-0.0073271226,-0.011084138,-0.0066062203,-0.017241355,-0.0022426576,-0.01391586,-0.017972797,-0.002157009,-6.919885e-05
82,-0.017766235,-0.0073271226,-0.011084138,-0.0066062203,-0.017241355,-0.0022426576,-0.01391586,-0.017972797,-0.002157009,-6.919885e-05
83,-0.017766235,-0.0073271226,-0.011084138,-0.0066062203,-0.017241355,-0.0022426576,-0.01391586,-0.017972797,-0.002157009,-6.919885e-05
84,-0.017766235,-0.0073271226,-0.011084138,-0.0066062203,-0.017241355,-0.0022426576,-0.01391586,-0.017972797,-0.002157009,-6.919885e-05
85,-0.017766235,-0.0073271226,-0.011084138,-0.0066062203,-0.017241355,-0.0022426576,-0.01391586,-0.017972797,-0.002157009,-6.919885e-05
86,-0.017766235,-0.0073271226,-0.011084138,-0.0066062203,-0.017241355,-0.0022426576,-0.01391586,-0.017972797,-0.002157009,-6.919885e-05
87,-0.017766235,-0.0073271226,-0.011084138,-0.0066062203,-0.017241355,-0.0022426576,-0.01391586,-0.017972797,-0.002157009,-6.919885e-05
88,-0.017766235,-0.0073271226,-0.011084138,-0.0066062203,-0.017241355,-0.0022426576,-0.01391586,-0.017972797,-0.002157009,-6.919885e-05
89,-0.017766235,-0.0073271226,-0.011084138,-0.0066062203,-0.017241355,-0.0022426576,-0.01391586,-0.017972797,-0.002157009,-6.919885e-05
90,-0.017766235,-0.0073271226,-0.011084138,-0.0066062203,-0.017241355,-0.0022426576,-0.01391586,-0.017972797,-0.002157009,-6.919885e-05
91,-0.017766235,-0.0073271226,-0.011084138,-0.0066062203,-0.017241355,-0.0022426576,-0.01391586,-0.017972797,-0.002157009,-6.919885e-05
92,-0.017766235,-0.0073271226,-0.011084138,-0.0066062203,-0.017241355,-0.0022426576,-0.01391586,-0.017972797,-0.002157009,-6.919885e-05
93,-0.017766235,-0.0073271226,-0.011084138,-0.0066062203,-0.017241355,-0.0022426576,-0.01391586,-0.017972797,-0.002157009,-6.919885e-05
94,-0.017766235,-0.0073271226,-0.011084138,-0.0066062203,-0.017241355,-0.0022426576,-0.01391586,-0.017972797,-0.002157009,-6.919885e-05
95,-0.017766235,-0.0073271226,-0.011084138,-0.0066062203,-0.017241355,-0.0022426576,-0.01391586,-0.017972797,-0.002157009,-6.919885e-05
96,-0.017766235,-0.0073271226,-0.011084138,-0.0066062203,-0.017241355,-0.0022426576,-0.01391586,-0.017972797,-0.002157009,-6.919885e-05
97,-0.017766235,-0.0073271226,-0.011084138,-0.0066062203,-0.017241355,-0.0022426576,-0.01391586,-0.017972797,-0.002157009,-6.919885e-05
98,-0.017766235,-0.0073271226,-0.011084138,-0.0066062203,-0.017241355,-0.0022426576,-0.01391586,-0.017972797,-0.002157009,-6.919885e-05
99,-0.017766235,-0.0073271226,-0.011084138,-0.0066062203,-0.017241355,-0.0022426576,-0.01391586,-0.017972797,-0.002157009,-6.919885e-05
100,-0.017766235,-0.0073271226,-0.011084138,-0.0066062203,-0.017241355,-0.0022426576,-0.01391586,-0.017972797,-0.002157009,-6.919885e-05
101,-0.017766235,-0.0073271226,-0.011084138,-0.0066062203,-0.017241355,-0.0022426576,-0.01391586,-0.017972797,-0.002157009,-6.919885e-05
102,-0.017766235,-0.0073271226,-0.011084138,-0.0066062203,-0.017241355,-0.0022426576,-0.01391586,-0.017972797,-0.002157009,-6.919885e-05
103,-0.017766235,-0.0073271226,-0.011084138,-0.0066062203,-0.017241355,-0.0022426576,-0.01391586,-0.017972797,-0.002157009,-6.919885e-05
104,-0.017766235,-0.0073271226,-0.011084138,-0.0066062203,-0.017241355,-0.0022426576,-0.01391586,-0.017972797,-0.002157009,-6.919885e-05
105,-0.017766235,-0.0073271226,-0.011084138,-0.0066062203,-0.017241355,-0.0022426576,-0.01391586,-0.017972797,-0.002157009,-6.919885e-05
106,-0.017766235,-0.0073271226,-0.011084138,-0.0066062203,-0.017241355,-0.0022426576,-0.01391586,-0.017972797,-0.002157009,-6.919885e-05
107,-0.017766235,-0.0073271226,-0.011084138,-0.0066062203,-0.017241355,-0.0022426576,-0.01391586,-0.017972797,-0.002157009,-6.919885e-05
108,-0.017766235,-0.0073271226,-0.011084138,-0.0066062203,-0.017241355,-0.0022426576,-0.01391586,-0.017972797,-0.002157009,-6.919885e-05
109,-0.017766235,-0.0073271226,-0.011084138,-0.0066062203,-0.017241355,-0.0022426576,-0.01391586,-0.017972797,-0.002157009,-6.919885e-05
110,-0.017766235,-0.0073271226,-0.011084138,-0.0066062203,-0.017241355,-0.0022426576,-0.01391586,-0.017972797,-0.002157009,-6.919885e-05
111,-0.017766235,-0.0073271226,-0.011084138,-0.0066062203,-0.017241355,-0.0022426576,-0.01391586,-0.017972797,-0.002157009,-6.919885e-05
112,-0.017766235,-0.0073271226,-0.011084138,-0.0066062203,-0.017241355,-0.0022426576,-0.01391586,-0.017972797,-0.002157009,-6.919885e-05
113,-0.017766235,-0.0073271226,-0.011084138,-0.0066062203,-0.017241355,-0.0022426576,-0.01391586,-0.017972797,-0.002157009,-6.919885e-05
114,-0.017766235,-0.0073271226,-0.011084138,-0.0066062203,-0.017241355,-0.0022426576,-0.01391586,-0.017972797,-0.002157009,-6.919885e-05
115,-0.017766235,-0.0073271226,-0.011084138,-0.0066062203,-0.017241355,-0.0022426576,-0.01391586,-0.017972797,-0.002157009,-6.919885e-05
116,-0.017766235,-0.0073271226,-0.011084138,-0.0066062203,-0.017241355,-0.0022426576,-0.01391586,-0.017972797,-0.002157009,-6.919885e-05
117,-0.017766235,-0.0073271226,-0.011084138,-0.0066062203,-0.017241355,-0.0022426576,-0.01391586,-0.017972797,-0.002157009,-6.919885e-05
118,-0.017766235,-0.0073271226,-0.011084138,-0.0066062203,-0.017241355,-0.0022426576,-0.01391586,-0.017972797,-0.002157009,-6.919885e-05
119,-0.017766235,-0.0073271226,-0.011084138,-0.0066062203,-0.017241355,-0.0022426576,-0.01391586,-0.017972797,-0.002157009,-6.919885e-05
120,-0.017766235,-0.0073271226,-0.011084138,-0.0066062203,-0.017241355,-0.0022426576,-0.01391586,-0.017972797,-0.002157009,-6.919885e-05
121,-0.017766235,-0.0073271226,-0.011084138,-0.0066062203,-0.017241355,-0.0022426576,-0.01391586,-0.017972797,-0.002157009,-6.919885e-05
122,-0.017766235,-0.0073271226,-0.011084138,-0.0066062203,-0.017241355,-0.0022426576,-0.01391586,-0.017972797,-0.002157009,-6.919885e-05
123,-0.017766235,-0.0073271226,-0.011084138,-0.0066062203,-0.017241355,-0.0022426576,-0.01391586,-0.017972797,-0.002157009,-6.919885e-05
124,-0.017766235,-0.0073271226,-0.011084138,-0.0066062203,-0.017241355,-0.0022426576,-0.01391586,-0.017972797,-0.002157009,-6.919885e-05
125,-0.017766235,-0.0073271226,-0.011084138,-0.0066062203,-0.017241355,-0.0022426576,-0.01391586,-0.017972797,-0.002157009,-6.919885e-05
126,-0.017766235,-0.0073271226,-0.011084138,-0.0066062203,-0.017241355,-0.0022426576,-0.01391586,-0.017972797,-0.002157009,-6.919885e-05
127,-0.017766235,-0.0073271226,-0.011084138,-0.0066062203,-0.017241355,-0.0022426576,-0.01391586,-0.017972797,-0.002157009,-6.919885e-05
128,-0.017766235,-0.0073271226,-0.011084138,-0.0066062203,-0.017241355,-0.0022426576,-0.01391586,-0.017972797,-0.002157009,-6.919885e-05
129,-0.017766235,-0.0073271226,-0.011084138,-0.0066062203,-0.017241355,-0.0022426576,-0.01391586,-0.017972797,-0.002157009,-6.919885e-05
130,-0.017766235,-0.0073271226,-0.011084138,-0.0066062203,-0.017241355,-0.0022426576,-0.01391586,-0.017972797,-0.002157009,-6.919885e-05
131,-0.017766235,-0.0073271226,-0.011084138,-0.0066062203,-0.017241355,-0.0022426576,-0.01391586,-0.017972797,-0.002157009,-6.919885e-05
132,-0.017766235,-0.0073271226,-0.011084138,-0.0066062203,-0.017241355,-0.0022426576,-0.01391586,-0.017972797,-0.002157009,-6.919885e-05
133,-0.017766235,-0.0073271226,-0.011084138,-0.0066062203,-0.017241355,-0.0022426576,-0.01391586,-0.017972797,-0.002157009,-6.919885e-05
134,-0.017766235,-0.0073271226,-0.011084138,-0.0066062203,-0.017241355,-0.0022426576,-0.01391586,-0.017972797,-0.002157009,-6.919885e-05
135,-0.017766235,-0.0073271226,-0.011084138,-0.0066062203,-0.017241355,-0.0022426576,-0.01391586,-0.017972797,-0.002157009,-6.919885e-05
136,-0.017766235,-0.0073271226,-0.011084138,-0.0066062203,-0.017241355,-0.0022426576,-0.01391586,-0.017972797,-0.002157009,-6.919885e-05
137,-0.017766235,-0.0073271226,-0.011084138,-0.0066062203,-0.017241355,-0.0022426576,-0.01391586,-0.017972797,-0.002157009,-6.919885e-05
138,-0.017766235,-0.0073271226,-0.011084138,-0.0066062203,-0.017241355,-0.0022426576,-0.01391586,-0.017972797,-0.002157009,-6.919885e-05
139,-0.017766235,-0.0073271226,-0.011084138,-0.0066062203,-0.017241355,-0.0022426576,-0.01391586,-0.017972797,-0.002157009,-6.919885e-05
140,-0.017766235,-0.0073271226,-0.011084138,-0.0066062203,-0.017241355,-0.0022426576,-0.01391586,-0.017972797,-0.002157009,-6.919885e-05
141,-0.017766235,-0.0073271226,-0.011084138,-0.0066062203,-0.017241355,-0.0022426576,-0.01391586,-0.017972797,-0.002157009,-6.919885e-05
142,-0.017766235,-0.0073271226,-0.011084138,-0.0066062203,-0.017241355,-0.0022426576,-0.01391586,-0.017972797,-0.002157009,-6.919885e-05
143,-0.017766235,-0.0073271226,-0.011084138,-0.0066062203,-0.017241355,-0.0022426576,-0.01391586,-0.017972797,-0.002157009,-6.919885e-05
144,-0.017766235,-0.0073271226,-0.011084138,-0.0066062203,-0.017241355,-0.0022426576,-0.01391586,-0.017972797,-0.002157009,-6.919885e-05
145,-0.017766235,-0.0073271226,-0.011084138,-0.0066062203,-0.017241355,-0.0022426576,-0.01391586,-0.017972797,-0.002157009,-6.919885e-05
146,-0.017766235,-0.0073271226,-0.011084138,-0.0066062203,-0.017241355,-0.0022426576,-0.01391586,-0.017972797,-0.002157009,-6.919885e-05
147,-0.017766235,-0.0073271226,-0.011084138,-0.0066062203,-0.017241355,-0.0022426576,-0.01391586,-0.017972797,-0.002157009,-6.919885e-05
148,-0.017766235,-0.0073271226,-0.011084138,-0.0066062203,-0.017241355,-0.0022426576,-0.01391586,-0.017972797,-0.002157009,-6.919885e-05
149,-0.017766235,-0.0073271226,-0.011084138,-0.0066062203,-0.017241355,-0.0022426576,-0.01391586,-0.017972797,-0.002157009,-6.919885e-05
150,-0.017766235,-0.0073271226,-0.011084138,-0.0066062203,-0.017241355,-0.0022426576,-0.01391586,-0.017972797,-0.002157009,-6.919885e-05
151,-0.017766235,-0.0073271226,-0.011084138,-0.0066062203,-0.017241355,-0.0022426576,-0.01391586,-0.017972797,-0.002157009,-6.919885e-05
152,-0.017766235,-0.0073271226,-0.011084138,-0.0066062203,-0.017241355,-0.0022426576,-0.01391586,-0.017972797,-0.002157009,-6.919885e-05
153,-0.017766235,-0.0073271226,-0.011084138,-0.0066062203,-0.017241355,-0.0022426576,-0.01391586,-0.017972797,-0.002157009,-6.919885e-05
154,-0.017766235,-0.0073271226,-0.011084138,-0.0066062203,-0.017241355,-0.0022426576,-0.01391586,-0.017972797,-0.002157009,-6.919885e-05
155,-0.017766235,-0.0073271226,-0.011084138,-0.0066062203,-0.017241355,-0.0022426576,-0.01391586,-0.017972797,-0.002157009,-6.919885e-05
156,-0.017766235,-0.0073271226,-0.011084138,-0.0066062203,-0.017241355,-0.0022426576,-0.01391586,-0.017972797,-0.002157009,-6.919885e-05
157,-0.017766235,-0.0073271226,-0.011084138,-0.0066062203,-0.017241355,-0.0022426576,-0.01391586,-0.017972797,-0.002157009,-6.919885e-05
158,-0.017766235,-0.0073271226,-0.011084138,-0.0066062203,-0.017241355,-0.0022426576,-0.01391586,-0.017972797,-0.002157009,-6.919885e-05
159,-0.017766235,-0.0073271226,-0.011084138,-0.0066062203,-0.017241355,-0.0022426576,-0.01391586,-0.017972797,-0.002157009,-6.919885e-05
160,-0.017766235,-0.0073271226,-0.011084138,-0.0066062203,-0.017241355,-0.0022426576,-0.01391586,-0.017972797,-0.002157009,-6.919885e-05
161,-0.017766235,-0.0073271226,-0.011084138,-0.0066062203,-0.017241355,-0.0022426576,-0.01391586,-0.017972797,-0.002157009,-6.919885e-05
162,-0.017766235,-0.0073271226,-0.011084138,-0.0066062203,-0.017241355,-0.0022426576,-0.01391586,-0.017972797,-0.002157009,-6.919885e-05
163,-0.017766235,-0.0073271226,-0.011084138,-0.0066062203,-0.017241355,-0.0022426576,-0.01391586,-0.017972797,-0.002157009,-6.919885e-05
164,-0.017766235,-0.0073271226,-0.011084138,-0.0066062203,-0.017241355,-0.0022426576,-0.01391586,-0.017972797,-0.002157009,-6.919885e-05
165,-0.017766235,-0.0073271226,-0.011084138,-0.0066062203,-0.017241355,-0.0022426576,-0.01391586,-0.017972797,-0.002157009,-6.919885e-05
166,-0.017766235,-0.0073271226,-0.011084138,-0.0066062203,-0.017241355,-0.0022426576,-0.01391586,-0.017972797,-0.002157009,-6.919885e-05
167,-0.017766235,-0.0073271226,-0.011084138,-0.0066062203,-0.017241355,-0.0022426576,-0.01391586,-0.017972797,-0.002157009,-6.919885e-05
168,-0.017766235,-0.0073271226,-0.011084138,-0.0066062203,-0.017241355,-0.0022426576,-0.01391586,-0.017972797,-0.002157009,-6.919885e-05
169,-0.017766235,-0.0073271226,-0.011084138,-0.0066062203,-0.017241355,-0.0022426576,-0.01391586,-0.017972797,-0.002157009,-6.919885e-05
170,-0.017766235,-0.0073271226,-0.011084138,-0.0066062203,-0.017241355,-0.0022426576,-0.01391586,-0.017972797,-0.002157009,-6.919885e-05
171,-0.017766235,-0.0073271226,-0.011084138,-0.0066062203,-0.017241355,-0.0022426576,-0.01391586,-0.017972797,-0.002157009,-6.919885e-05
172,-0.017766235,-0.0073271226,-0.011084138,-0.0066062203,-0.017241355,-0.0022426576,-0.01391586,-0.017972797,-0.002157009,-6.919885e-05
173,-0.017766235,-0.0073271226,-0.011084138,-0.0066062203,-0.017241355,-0.0022426576,-0.01391586,-0.017972797,-0.002157009,-6.919885e-05
174,-0.017766235,-0.0073271226,-0.011084138,-0.0066062203,-0.017241355,-0.0022426576,-0.01391586,-0.017972797,-0.002157009,-6.919885e-05
175,-0.017766235,-0.0073271226,-0.011084138,-0.0066062203,-0.017241355,-0.0022426576,-0.01391586,-0.017972797,-0.002157009,-6.919885e-05
176,-0.017766235,-0.0073271226,-0.011084138,-0.0066062203,-0.017241355,-0.0022426576,-0.01391586,-0.017972797,-0.002157009,-6.919885e-05
177,-0.017766235,-0.0073271226,-0.011084138,-0.0066062203,-0.017241355,-0.0022426576,-0.01391586,-0.017972797,-0.002157009,-6.919885e-05
178,-0.017766235,-0.0073271226,-0.011084138,-0.0066062203,-0.017241355,-0.0022426576,-0.01391586,-0.017972797,-0.002157009,-6.919885e-05
179,-0.017766235,-0.0073271226,-0.011084138,-0.0066062203,-0.017241355,-0.0022426576,-0.01391586,-0.017972797,-0.002157009,-6.919885e-05
180,-0.017766235,-0.0073271226,-0.011084138,-0.0066062203,-0.017241355,-0.0022426576,-0.01391586,-0.017972797,-0.002157009,-6.919885e-05
181,-0.017766235,-0.0073271226,-0.011084138,-0.0066062203,-0.017241355,-0.0022426576,-0.01391586,-0.017972797,-0.002157009,-6.919885e-05
182,-0.017766235,-0.0073271226,-0.011084138,-0.0066062203,-0.017241355,-0.0022426576,-0.01391586,-0.017972797,-0.002157009,-6.919885e-05
183,-0.017766235,-0.0073271226,-0.011084138,-0.0066062203,-0.017241355,-0.0022426576,-0.01391586,-0.017972797,-0.002157009,-6.919885e-05
184,-0.017766235,-0.0073271226,-0.011084138,-0.0066062203,-0.017241355,-0.0022426576,-0.01391586,-0.017972797,-0.002157009,-6.919885e-05
185,-0.017766235,-0.0073271226,-0.011084138,-0.0066062203,-0.017241355,-0.0022426576,-0.01391586,-0.017972797,-0.002157009,-6.919885e-05
186,-0.017766235,-0.0073271226,-0.011084138,-0.0066062203,-0.017241355,-0.0022426576,-0.01391586,-0.017972797,-0.002157009,-6.919885e-05
187,-0.017766235,-0.0073271226,-0.011084138,-0.0066062203,-0.017241355,-0.0022426576,-0.01391586,-0.017972797,-0.002157009,-6.919885e-05
188,-0.017766235,-0.0073271226,-0.011084138,-0.0066062203,-0.017241355,-0.0022426576,-0.01391586,-0.017972797,-0.002157009,-6.919885e-05
189,-0.017766235,-0.0073271226,-0.011084138,-0.0066062203,-0.017241355,-0.0022426576,-0.01391586,-0.017972797,-0.002157009,-6.919885e-05
190,-0.017766235,-0.0073271226,-0.011084138,-0.0066062203,-0.017241355,-0.0022426576,-0.01391586,-0.017972797,-0.002157009,-6.919885e-05
191,-0.017766235,-0.0073271226,-0.011084138,-0.0066062203,-0.017241355,-0.0022426576,-0.01391586,-0.017972797,-0.002157009,-6.919885e-05
192,-0.017766235,-0.0073271226,-0.011084138,-0.0066062203,-0.017241355,-0.0022426576,-0.01391586,-0.017972797,-0.002157009,-6.919885e-05
193,-0.017766235,-0.0073271226,-0.011084138,-0.0066062203,-0.017241355,-0.0022426576,-0.01391586,-0.017972797,-0.002157009,-6.919885e-05
194,-0.017766235,-0.0073271226,-0.011084138,-0.0066062203,-0.017241355,-0.0022426576,-0.01391586,-0.017972797,-0.002157009,-6.919885e-05
195,-0.017766235,-0.0073271226,-0.011084138,-0.0066062203,-0.017241355,-0.0022426576,-0.01391586,-0.017972797,-0.002157009,-6.919885e-05
196,-0.017766235,-0.0073271226,-0.011084138,-0.0066062203,-0.017241355,-0.0022426576,-0.01391586,-0.017972797,-0.002157009,-6.919885e-05
197,-0.017766235,-0.0073271226,-0.011084138,-0.0066062203,-0.017241355,-0.0022426576,-0.01391586,-0.017972797,-0.002157009,-6.919885e-05
198,-0.017766235,-0.0073271226,-0.011084138,-0.0066062203,-0.017241355,-0.0022426576,-0.01391586,-0.017972797,-0.002157009,-6.919885e-05
199,-0.017766235,-0.0073271226,-0.011084138,-0.0066062203,-0.017241355,-0.0022426576,-0.01391586,-0.017972797,-0.002157009,-6.919885e-05
200,-0.017766235,-0.0073271226,-0.011084138,-0.0066062203,-0.017241355,-0.0022426576,-0.01391586,-0.017972797,-0.002157009,-6.919885e-05
201,-0.017766235,-0.0073271226,-0.011084138,-0.0066062203,-0.017241355,-0.0022426576,-0.01391586,-0.017972797,-0.002157009,-6.919885e-05
202,-0.017766235,-0.0073271226,-0.011084138,-0.0066062203,-0.017241355,-0.0022426576,-0.01391586,-0.017972797,-0.002157009,-6.919885e-05
203,-0.017766235,-0.0073271226,-0.011084138,-0.0066062203,-0.017241355,-0.0022426576,-0.01391586,-0.017972797,-0.002157009,-6.919885e-05
204,-0.017766235,-0.0073271226,-0.011084138,-0.0066062203,-0.017241355,-0.0022426576,-0.01391586,-0.017972797,-0.002157009,-6.919885e-05
205,-0.017766235,-0.0073271226,-0.011084138,-0.0066062203,-0.017241355,-0.0022426576,-0.01391586,-0.017972797,-0.002157009,-6.919885e-05
206,-0.017766235,-0.0073271226,-0.011084138,-0.0066062203,-0.017241355,-0.0022426576,-0.01391586,-0.017972797,-0.002157009,-6.919885e-05
207,-0.017766235,-0.0073271226,-0.011084138,-0.0066062203,-0.017241355,-0.0022426576,-0.01391586,-0.017972797,-0.002157009,-6.919885e-05
208,-0.017766235,-0.0073271226,-0.011084138,-0.0066062203,-0.017241355,-0.0022426576,-0.01391586,-0.017972797,-0.002157009,-6.919885e-05
209,-0.017766235,-0.0073271226,-0.011084138,-0.0066062203,-0.017241355,-0.0022426576,-0.01391586,-0.017972797,-0.002157009,-6.919885e-05
210,-0.017766235,-0.0073271226,-0.011084138,-0.0066062203,-0.017241355,-0.0022426576,-0.01391586,-0.017972797,-0.002157009,-6.919885e-05
211,-0.017766235,-0.0073271226,-0.011084138,-0.0066062203,-0.017241355,-0.0022426576,-0.01391586,-0.017972797,-0.002157009,-6.919885e-05
212,-0.017766235,-0.0073271226,-0.011084138,-0.0066062203,-0.017241355,-0.0022426576,-0.01391586,-0.017972797,-0.002157009,-6.919885e-05
213,-0.017766235,-0.0073271226,-0.011084138,-0.0066062203,-0.017241355,-0.0022426576,-0.01391586,-0.017972797,-0.002157009,-6.919885e-05
214,-0.017766235,-0.0073271226,-0.011084138,-0.0066062203,-0.017241355,-0.0022426576,-0.01391586,-0.017972797,-0.002157009,-6.919885e-05
215,-0.017766235,-0.0073271226,-0.011084138,-0.0066062203,-0.017241355,-0.0022426576,-0.01391586,-0.017972797,-0.002157009,-6.919885e-05
216,-0.017766235,-0.0073271226,-0.011084138,-0.0066062203,-0.017241355,-0.0022426576,-0.01391586,-0.017972797,-0.002157009,-6.919885e-05
217,-0.017766235,-0.0073271226,-0.011084138,-0.0066062203,-0.017241355,-0.0022426576,-0.01391586,-0.017972797,-0.002157009,-6.919885e-05
218,-0.017766235,-0.0073271226,-0.011084138,-0.0066062203,-0.017241355,-0.0022426576,-0.01391586,-0.017972797,-0.002157009,-6.919885e-05
219,-0.017766235,-0.0073271226,-0.011084138,-0.0066062203,-0.017241355,-0.0022426576,-0.01391586,-0.017972797,-0.002157009,-6.919885e-05
220,-0.017766235,-0.0073271226,-0.011084138,-0.0066062203,-0.017241355,-0.0022426576,-0.01391586,-0.017972797,-0.002157009,-6.919885e-05
221,-0.017766235,-0.0073271226,-0.011084138,-0.0066062203,-0.017241355,-0.0022426576,-0.01391586,-0.017972797,-0.002157009,-6.919885e-05
222,-0.017766235,-0.0073271226,-0.011084138,-0.0066062203,-0.017241355,-0.0022426576,-0.01391586,-0.017972797,-0.002157009,-6.919885e-05
223,-0.017766235,-0.0073271226,-0.011084138,-0.0066062203,-0.017241355,-0.0022426576,-0.01391586,-0.017972797,-0.002157009,-6.919885e-05
224,-0.017766235,-0.0073271226,-0.011084138,-0.0066062203,-0.017241355,-0.0022426576,-0.01391586,-0.017972797,-0.002157009,-6.919885e-05
225,-0.017766235,-0.0073271226,-0.011084138,-0.0066062203,-0.017241355,-0.0022426576,-0.01391586,-0.017972797,-0.002157009,-6.919885e-05
226,-0.017766235,-0.0073271226,-0.011084138,-0.0066062203,-0.017241355,-0.0022426576,-0.01391586,-0.017972797,-0.002157009,-6.919885e-05
227,-0.017766235,-0.0073271226,-0.011084138,-0.0066062203,-0.017241355,-0.0022426576,-0.01391586,-0.017972797,-0.002157009,-6.919885e-05
228,-0.017766235,-0.0073271226,-0.011084138,-0.0066062203,-0.017241355,-0.0022426576,-0.01391586,-0.017972797,-0.002157009,-6.919885e-05
229,-0.017766235,-0.0073271226,-0.011084138,-0.0066062203,-0.017241355,-0.0022426576,-0.01391586,-0.017972797,-0.002157009,-6.919885e-05
230,-0.017766235,-0.0073271226,-0.011084138,-0.0066062203,-0.017241355,-0.0022426576,-0.01391586,-0.017972797,-0.002157009,-6.919885e-05
231,-0.017766235,-0.0073271226,-0.011084138,-0.0066062203,-0.017241355,-0.0022426576,-0.01391586,-0.017972797,-0.002157009,-6.919885e-05
232,-0.017766235,-0.0073271226,-0.011084138,-0.0066062203,-0.017241355,-0.0022426576,-0.01391586,-0.017972797,-0.002157009,-6.919885e-05
233,-0.017766235,-0.0073271226,-0.011084138,-0.0066062203,-0.017241355,-0.0022426576,-0.01391586,-0.017972797,-0.002157009,-6.919885e-05
234,-0.017766235,-0.0073271226,-0.011084138,-0.0066062203,-0.017241355,-0.0022426576,-0.01391586,-0.017972797,-0.002157009,-6.919885e-05
235,-0.017766235,-0.0073271226,-0.011084138,-0.0066062203,-0.017241355,-0.0022426576,-0.01391586,-0.017972797,-0.002157009,-6.919885e-05
236,-0.017766235,-0.0073271226,-0.011084138,-0.0066062203,-0.017241355,-0.0022426576,-0.01391586,-0.017972797,-0.002157009,-6.919885e-05
237,-0.017766235,-0.0073271226,-0.011084138,-0.0066062203,-0.017241355,-0.0022426576,-0.01391586,-0.017972797,-0.002157009,-6.919885e-05
238,-0.017766235,-0.0073271226,-0.011084138,-0.0066062203,-0.017241355,-0.0022426576,-0.01391586,-0.017972797,-0.002157009,-6.919885e-05
239,-0.017766235,-0.0073271226,-0.011084138,-0.0066062203,-0.017241355,-0.0022426576,-0.01391586,-0.017972797,-0.002157009,-6.919885e-05
240,-0.017766235,-0.0073271226,-0.011084138,-0.0066062203,-0.017241355,-0.0022426576,-0.01391586,-0.017972797,-0.002157009,-6.919885e-05
241,-0.017766235,-0.0073271226,-0.011084138,-0.0066062203,-0.017241355,-0.0022426576,-0.01391586,-0.017972797,-0.002157009,-6.919885e-05
242,-0.017766235,-0.0073271226,-0.011084138,-0.0066062203,-0.017241355,-0.0022426576,-0.01391586,-0.017972797,-0.002157009,-6.919885e-05
243,-0.017766235,-0.0073271226,-0.011084138,-0.0066062203,-0.017241355,-0.0022426576,-0.01391586,-0.017972797,-0.002157009,-6.919885e-05
244,-0.017766235,-0.0073271226,-0.011084138,-0.0066062203,-0.017241355,-0.0022426576,-0.01391586,-0.017972797,-0.002157009,-6.919885e-05
245,-0.017766235,-0.0073271226,-0.011084138,-0.0066062203,-0.017241355,-0.0022426576,-0.01391586,-0.017972797,-0.002157009,-6.919885e-05
246,-0.017766235,-0.0073271226,-0.011084138,-0.0066062203,-0.017241355,-0.0022426576,-0.01391586,-0.017972797,-0.002157009,-6.919885e-05
247,-0.017766235,-0.0073271226,-0.011084138,-0.0066062203,-0.017241355,-0.0022426576,-0.01391586,-0.017972797,-0.002157009,-6.919885e-05
248,-0.017766235,-0.0073271226,-0.011084138,-0.0066062203,-0.017241355,-0.0022426576,-0.01391586,-0.017972797,-0.002157009,-6.919885e-05
249,-0.017766235,-0.0073271226,-0.011084138,-0.0066062203,-0.017241355,-0.0022426576,-0.01391586,-0.017972797,-0.002157009,-6.919885e-05
250,-0.017766235,-0.0073271226,-0.011084138,-0.0066062203,-0.017241355,-0.0022426576,-0.01391586,-0.017972797,-0.002157009,-6.919885e-05
251,-0.017766235,-0.0073271226,-0.011084138,-0.0066062203,-0.017241355,-0.0022426576,-0.01391586,-0.017972797,-0.002157009,-6.919885e-05
252,-0.017766235,-0.0073271226,-0.011084138,-0.0066062203,-0.017241355,-0.0022426576,-0.01391586,-0.017972797,-0.002157009,-6.919885e-05
253,-0.017766235,-0.0073271226,-0.011084138,-0.0066062203,-0.017241355,-0.0022426576,-0.01391586,-0.017972797,-0.002157009,-6.919885e-05
254,-0.017766235,-0.0073271226,-0.011084138,-0.0066062203,-0.017241355,-0.0022426576,-0.01391586,-0.017972797,-0.002157009,-6.919885e-05
255,-0.017766235,-0.0073271226,-0.011084138,-0.0066062203,-0.017241355,-0.0022426576,-0.01391586,-0.017972797,-0.002157009,-6.919885e-05
256,-0.017766235,-0.0073271226,-0.011084138,-0.0066062203,-0.017241355,-0.0022426576,-0.01391586,-0.017972797,-0.002157009,-6.919885e-05
257,-0.017766235,-0.0073271226,-0.011084138,-0.0066062203,-0.017241355,-0.0022426576,-0.01391586,-0.017972797,-0.002157009,-6.919885e-05
258,-0.017766235,-0.0073271226,-0.011084138,-0.0066062203,-0.017241355,-0.0022426576,-0.01391586,-0.017972797,-0.002157009,-6.919885e-05
259,-0.017766235,-0.0073271226,-0.011084138,-0.0066062203,-0.017241355,-0.0022426576,-0.01391586,-0.017972797,-0.002157009,-6.919885e-05
260,-0.017766235,-0.0073271226,-0.011084138,-0.0066062203,-0.017241355,-0.0022426576,-0.01391586,-0.017972797,-0.002157009,-6.919885e-05
261,-0.017766235,-0.0073271226,-0.011084138,-0.0066062203,-0.017241355,-0.0022426576,-0.01391586,-0.017972797,-0.002157009,-6.919885e-05
262,-0.017766235,-0.0073271226,-0.011084138,-0.0066062203,-0.017241355,-0.0022426576,-0.01391586,-0.017972797,-0.002157009,-6.919885e-05
263,-0.017766235,-0.0073271226,-0.011084138,-0.0066062203,-0.017241355,-0.0022426576,-0.01391586,-0.017972797,-0.002157009,-6.919885e-05
264,-0.017766235,-0.0073271226,-0.011084138,-0.0066062203,-0.017241355,-0.0022426576,-0.01391586,-0.017972797,-0.002157009,-6.919885e-05
265,-0.017766235,-0.0073271226,-0.011084138,-0.0066062203,-0.017241355,-0.0022426576,-0.01391586,-0.017972797,-0.002157009,-6.919885e-05
266,-0.017766235,-0.0073271226,-0.011084138,-0.0066062203,-0.017241355,-0.0022426576,-0.01391586,-0.017972797,-0.002157009,-6.919885e-05
267,-0.017766235,-0.0073271226,-0.011084138,-0.0066062203,-0.017241355,-0.0022426576,-0.01391586,-0.017972797,-0.002157009,-6.919885e-05
268,-0.017766235,-0.0073271226,-0.011084138,-0.0066062203,-0.017241355,-0.0022426576,-0.01391586,-0.017972797,-0.002157009,-6.919885e-05
269,-0.017766235,-0.0073271226,-0.011084138,-0.0066062203,-0.017241355,-0.0022426576,-0.01391586,-0.017972797,-0.002157009,-6.919885e-05
270,-0.017766235,-0.0073271226,-0.011084138,-0.0066062203,-0.017241355,-0.0022426576,-0.01391586,-0.017972797,-0.002157009,-6.919885e-05
271,-0.017766235,-0.0073271226,-0.011084138,-0.0066062203,-0.017241355,-0.0022426576,-0.01391586,-0.017972797,-0.002157009,-6.919885e-05
272,-0.017766235,-0.0073271226,-0.011084138,-0.0066062203,-0.017241355,-0.0022426576,-0.01391586,-0.017972797,-0.002157009,-6.919885e-05
273,-0.017766235,-0.0073271226,-0.011084138,-0.0066062203,-0.017241355,-0.0022426576,-0.01391586,-0.017972797,-0.002157009,-6.919885e-05
274,-0.017766235,-0.0073271226,-0.011084138,-0.0066062203,-0.017241355,-0.0022426576,-0.01391586,-0.017972797,-0.002157009,-6.919885e-05
275,-0.017766235,-0.0073271226,-0.011084138,-0.0066062203,-0.017241355,-0.0022426576,-0.01391586,-0.017972797,-0.002157009,-6.919885e-05
276,-0.017766235,-0.0073271226,-0.011084138,-0.0066062203,-0.017241355,-0.0022426576,-0.01391586,-0.017972797,-0.002157009,-6.919885e-05
277,-0.017766235,-0.0073271226,-0.011084138,-0.0066062203,-0.017241355,-0.0022426576,-0.01391586,-0.017972797,-0.002157009,-6.919885e-05
278,-0.017766235,-0.0073271226,-0.011084138,-0.0066062203,-0.017241355,-0.0022426576,-0.01391586,-0.017972797,-0.002157009,-6.919885e-05
279,-0.017766235,-0.0073271226,-0.011084138,-0.0066062203,-0.017241355,-0.0022426576,-0.01391586,-0.017972797,-0.002157009,-6.919885e-05
280,-0.017766235,-0.0073271226,-0.011084138,-0.0066062203,-0.017241355,-0.0022426576,-0.01391586,-0.017972797,-0.002157009,-6.919885e-05
281,-0.017766235,-0.0073271226,-0.011084138,-0.0066062203,-0.017241355,-0.0022426576,-0.01391586,-0.017972797,-0.002157009,-6.919885e-05
282,-0.017766235,-0.0073271226,-0.011084138,-0.0066062203,-0.017241355,-0.0022426576,-0.01391586,-0.017972797,-0.002157009,-6.919885e-05
283,-0.017766235,-0.0073271226,-0.011084138,-0.0066062203,-0.017241355,-0.0022426576,-0.01391586,-0.017972797,-0.002157009,-6.919885e-05
284,-0.017766235,-0.0073271226,-0.011084138,-0.0066062203,-0.017241355,-0.0022426576,-0.01391586,-0.017972797,-0.002157009,-6.919885e-05
285,-0.017766235,-0.0073271226,-0.011084138,-0.0066062203,-0.017241355,-0.0022426576,-0.01391586,-0.017972797,-0.002157009,-6.919885e-05
286,-0.017766235,-0.0073271226,-0.011084138,-0.0066062203,-0.017241355,-0.0022426576,-0.01391586,-0.017972797,-0.002157009,-6.919885e-05
287,-0.017766235,-0.0073271226,-0.011084138,-0.0066062203,-0.017241355,-0.0022426576,-0.01391586,-0.017972797,-0.002157009,-6.919885e-05
288,-0.017766235,-0.0073271226,-0.011084138,-0.0066062203,-0.017241355,-0.0022426576,-0.01391586,-0.017972797,-0.002157009,-6.919885e-05
289,-0.017766235,-0.0073271226,-0.011084138,-0.0066062203,-0.017241355,-0.0022426576,-0.01391586,-0.017972797,-0.002157009,-6.919885e-05
290,-0.017766235,-0.0073271226,-0.011084138,-0.0066062203,-0.017241355,-0.0022426576,-0.01391586,-0.017972797,-0.002157009,-6.919885e-05
291,-0.017766235,-0.0073271226,-0.011084138,-0.0066062203,-0.017241355,-0.0022426576,-0.01391586,-0.017972797,-0.002157009,-6.919885e-05
292,-0.017766235,-0.0073271226,-0.011084138,-0.0066062203,-0.017241355,-0.0022426576,-0.01391586,-0.017972797,-0.002157009,-6.919885e-05
293,-0.017766235,-0.0073271226,-0.011084138,-0.0066062203,-0.017241355,-0.0022426576,-0.01391586,-0.017972797,-0.002157009,-6.919885e-05
294,-0.017766235,-0.0073271226,-0.011084138,-0.0066062203,-0.017241355,-0.0022426576,-0.01391586,-0.017972797,-0.002157009,-6.919885e-05
295,-0.017766235,-0.0073271226,-0.011084138,-0.0066062203,-0.017241355,-0.0022426576,-0.01391586,-0.017972797,-0.002157009,-6.919885e-05
296,-0.017766235,-0.0073271226,-0.011084138,-0.0066062203,-0.017241355,-0.0022426576,-0.01391586,-0.017972797,-0.002157009,-6.919885e-05
297,-0.017766235,-0.0073271226,-0.011084138,-0.0066062203,-0.017241355,-0.0022426576,-0.01391586,-0.017972797,-0.002157009,-6.919885e-05
298,-0.017766235,-0.0073271226,-0.011084138,-0.0066062203,-0.017241355,-0.0022426576,-0.01391586,-0.017972797,-0.002157009,-6.919885e-05
299,-0.017766235,-0.0073271226,-0.011084138,-0.0066062203,-0.017241355,-0.0022426576,-0.01391586,-0.017972797,-0.002157009,-6.919885e-05
300,-0.017766235,-0.0073271226,-0.011084138,-0.0066062203,-0.017241355,-0.0022426576,-0.01391586,-0.017972797,-0.002157009,-6.919885e-05
301,-0.017766235,-0.0073271226,-0.011084138,-0.0066062203,-0.017241355,-0.0022426576,-0.01391586,-0.017972797,-0.002157009,-6.919885e-05
302,-0.017766235,-0.0073271226,-0.011084138,-0.0066062203,-0.017241355,-0.0022426576,-0.01391586,-0.017972797,-0.002157009,-6.919885e-05
303,-0.017766235,-0.0073271226,-0.011084138,-0.0066062203,-0.017241355,-0.0022426576,-0.01391586,-0.017972797,-0.002157009,-6.919885e-05
304,-0.017766235,-0.0073271226,-0.011084138,-0.0066062203,-0.017241355,-0.0022426576,-0.01391586,-0.017972797,-0.002157009,-6.919885e-05
305,-0.017766235,-0.0073271226,-0.011084138,-0.0066062203,-0.017241355,-0.0022426576,-0.01391586,-0.017972797,-0.002157009,-6.919885e-05
306,-0.017766235,-0.0073271226,-0.011084138,-0.0066062203,-0.017241355,-0.0022426576,-0.01391586,-0.017972797,-0.002157009,-6.919885e-05
307,-0.017766235,-0.0073271226,-0.011084138,-0.0066062203,-0.017241355,-0.0022426576,-0.01391586,-0.017972797,-0.002157009,-6.919885e-05
308,-0.017766235,-0.0073271226,-0.011084138,-0.0066062203,-0.017241355,-0.0022426576,-0.01391586,-0.017972797,-0.002157009,-6.919885e-05
309,-0.017766235,-0.0073271226,-0.011084138,-0.0066062203,-0.017241355,-0.0022426576,-0.01391586,-0.017972797,-0.002157009,-6.919885e-05
310,-0.017766235,-0.0073271226,-0.011084138,-0.0066062203,-0.017241355,-0.0022426576,-0.01391586,-0.017972797,-0.002157009,-6.919885e-05
311,-0.017766235,-0.0073271226,-0.011084138,-0.0066062203,-0.017241355,-0.0022426576,-0.01391586,-0.017972797,-0.002157009,-6.919885e-05
312,-0.017766235,-0.0073271226,-0.011084138,-0.0066062203,-0.017241355,-0.0022426576,-0.01391586,-0.017972797,-0.002157009,-6.919885e-05
313,-0.017766235,-0.0073271226,-0.011084138,-0.0066062203,-0.017241355,-0.0022426576,-0.01391586,-0.017972797,-0.002157009,-6.919885e-05
314,-0.017766235,-0.0073271226,-0.011084138,-0.0066062203,-0.017241355,-0.0022426576,-0.01391586,-0.017972797,-0.002157009,-6.919885e-05
315,-0.017766235,-0.0073271226,-0.011084138,-0.0066062203,-0.017241355,-0.0022426576,-0.01391586,-0.017972797,-0.002157009,-6.919885e-05
316,-0.017766235,-0.0073271226,-0.011084138,-0.0066062203,-0.017241355,-0.0022426576,-0.01391586,-0.017972797,-0.002157009,-6.919885e-05
317,-0.017766235,-0.0073271226,-0.011084138,-0.0066062203,-0.017241355,-0.0022426576,-0.01391586,-0.017972797,-0.002157009,-6.919885e-05
318,-0.017766235,-0.0073271226,-0.011084138,-0.0066062203,-0.017241355,-0.0022426576,-0.01391586,-0.017972797,-0.002157009,-6.919885e-05
319,-0.017766235,-0.0073271226,-0.011084138,-0.0066062203,-0.017241355,-0.0022426576,-0.01391586,-0.017972797,-0.002157009,-6.919885e-05
320,-0.017766235,-0.0073271226,-0.011084138,-0.0066062203,-0.017241355,-0.0022426576,-0.01391586,-0.017972797,-0.002157009,-6.919885e-05
321,-0.017766235,-0.0073271226,-0.011084138,-0.0066062203,-0.017241355,-0.0022426576,-0.01391586,-0.017972797,-0.002157009,-6.919885e-05
322,-0.017766235,-0.0073271226,-0.011084138,-0.0066062203,-0.017241355,-0.0022426576,-0.01391586,-0.017972797,-0.002157009,-6.919885e-05
323,-0.017766235,-0.0073271226,-0.011084138,-0.0066062203,-0.017241355,-0.0022426576,-0.01391586,-0.017972797,-0.002157009,-6.919885e-05
324,-0.017766235,-0.0073271226,-0.011084138,-0.0066062203,-0.017241355,-0.0022426576,-0.01391586,-0.017972797,-0.002157009,-6.919885e-05
325,-0.017766235,-0.0073271226,-0.011084138,-0.0066062203,-0.017241355,-0.0022426576,-0.01391586,-0.017972797,-0.002157009,-6.919885e-05
326,-0.017766235,-0.0073271226,-0.011084138,-0.0066062203,-0.017241355,-0.0022426576,-0.01391586,-0.017972797,-0.002157009,-6.919885e-05
327,-0.017766235,-0.0073271226,-0.011084138,-0.0066062203,-0.017241355,-0.0022426576,-0.01391586,-0.017972797,-0.002157009,-6.919885e-05
328,-0.017766235,-0.0073271226,-0.011084138,-0.0066062203,-0.017241355,-0.0022426576,-0.01391586,-0.017972797,-0.002157009,-6.919885e-05
329,-0.017766235,-0.0073271226,-0.011084138,-0.0066062203,-0.017241355,-0.0022426576,-0.01391586,-0.017972797,-0.002157009,-6.919885e-05
330,-0.017766235,-0.0073271226,-0.011084138,-0.0066062203,-0.017241355,-0.0022426576,-0.01391586,-0.017972797,-0.002157009,-6.919885e-05
331,-0.017766235,-0.0073271226,-0.011084138,-0.0066062203,-0.017241355,-0.0022426576,-0.01391586,-0.017972797,-0.002157009,-6.919885e-05
332,-0.017766235,-0.0073271226,-0.011084138,-0.0066062203,-0.017241355,-0.0022426576,-0.01391586,-0.017972797,-0.002157009,-6.919885e-05
333,-0.017766235,-0.0073271226,-0.011084138,-0.0066062203,-0.017241355,-0.0022426576,-0.01391586,-0.017972797,-0.002157009,-6.919885e-05
334,-0.017766235,-0.0073271226,-0.011084138,-0.0066062203,-0.017241355,-0.0022426576,-0.01391586,-0.017972797,-0.002157009,-6.919885e-05
335,-0.017766235,-0.0073271226,-0.011084138,-0.0066062203,-0.017241355,-0.0022426576,-0.01391586,-0.017972797,-0.002157009,-6.919885e-05
336,-0.017766235,-0.0073271226,-0.011084138,-0.0066062203,-0.017241355,-0.0022426576,-0.01391586,-0.017972797,-0.002157009,-6.919885e-05
337,-0.017766235,-0.0073271226,-0.011084138,-0.0066062203,-0.017241355,-0.0022426576,-0.01391586,-0.017972797,-0.002157009,-6.919885e-05
338,-0.017766235,-0.0073271226,-0.011084138,-0.0066062203,-0.017241355,-0.0022426576,-0.01391586,-0.017972797,-0.002157009,-6.919885e-05
339,-0.017766235,-0.0073271226,-0.011084138,-0.0066062203,-0.017241355,-0.0022426576,-0.01391586,-0.017972797,-0.002157009,-6.919885e-05
340,-0.017766235,-0.0073271226,-0.011084138,-0.0066062203,-0.017241355,-0.0022426576,-0.01391586,-0.017972797,-0.002157009,-6.919885e-05
341,-0.017766235,-0.0073271226,-0.011084138,-0.0066062203,-0.017241355,-0.0022426576,-0.01391586,-0.017972797,-0.002157009,-6.919885e-05
342,-0.017766235,-0.0073271226,-0.011084138,-0.0066062203,-0.017241355,-0.0022426576,-0.01391586,-0.017972797,-0.002157009,-6.919885e-05
343,-0.017766235,-0.0073271226,-0.011084138,-0.0066062203,-0.017241355,-0.0022426576,-0.01391586,-0.017972797,-0.002157009,-6.919885e-05
344,-0.017766235,-0.0073271226,-0.011084138,-0.0066062203,-0.017241355,-0.0022426576,-0.01391586,-0.017972797,-0.002157009,-6.919885e-05
345,-0.017766235,-0.0073271226,-0.011084138,-0.0066062203,-0.017241355,-0.0022426576,-0.01391586,-0.017972797,-0.002157009,-6.919885e-05
346,-0.017766235,-0.0073271226,-0.011084138,-0.0066062203,-0.017241355,-0.0022426576,-0.01391586,-0.017972797,-0.002157009,-6.919885e-05
347,-0.017766235,-0.0073271226,-0.011084138,-0.0066062203,-0.017241355,-0.0022426576,-0.01391586,-0.017972797,-0.002157009,-6.919885e-05
348,-0.017766235,-0.0073271226,-0.011084138,-0.0066062203,-0.017241355,-0.0022426576,-0.01391586,-0.017972797,-0.002157009,-6.919885e-05
349,-0.017766235,-0.0073271226,-0.011084138,-0.0066062203,-0.017241355,-0.0022426576,-0.01391586,-0.017972797,-0.002157009,-6.919885e-05
350,-0.017766235,-0.0073271226,-0.011084138,-0.0066062203,-0.017241355,-0.0022426576,-0.01391586,-0.017972797,-0.002157009,-6.919885e-05
351,-0.017766235,-0.0073271226,-0.011084138,-0.0066062203,-0.017241355,-0.0022426576,-0.01391586,-0.017972797,-0.002157009,-6.919885e-05
352,-0.017766235,-0.0073271226,-0.011084138,-0.0066062203,-0.017241355,-0.0022426576,-0.01391586,-0.017972797,-0.002157009,-6.919885e-05
353,-0.017766235,-0.0073271226,-0.011084138,-0.0066062203,-0.017241355,-0.0022426576,-0.01391586,-0.017972797,-0.002157009,-6.919885e-05
354,-0.017766235,-0.0073271226,-0.011084138,-0.0066062203,-0.017241355,-0.0022426576,-0.01391586,-0.017972797,-0.002157009,-6.919885e-05
355,-0.017766235,-0.0073271226,-0.011084138,-0.0066062203,-0.017241355,-0.0022426576,-0.01391586,-0.017972797,-0.002157009,-6.919885e-05
356,-0.017766235,-0.0073271226,-0.011084138,-0.0066062203,-0.017241355,-0.0022426576,-0.01391586,-0.017972797,-0.002157009,-6.919885e-05
357,-0.017766235,-0.0073271226,-0.011084138,-0.0066062203,-0.017241355,-0.0022426576,-0.01391586,-0.017972797,-0.002157009,-6.919885e-05
358,-0.017766235,-0.0073271226,-0.011084138,-0.0066062203,-0.017241355,-0.0022426576,-0.01391586,-0.017972797,-0.002157009,-6.919885e-05
359,-0.017766235,-0.0073271226,-0.011084138,-0.0066062203,-0.017241355,-0.0022426576,-0.01391586,-0.017972797,-0.002157009,-6.919885e-05
360,-0.017766235,-0.0073271226,-0.011084138,-0.0066062203,-0.017241355,-0.0022426576,-0.01391586,-0.017972797,-0.002157009,-6.919885e-05
361,-0.017766235,-0.0073271226,-0.011084138,-0.0066062203,-0.017241355,-0.0022426576,-0.01391586,-0.017972797,-0.002157009,-6.919885e-05
362,-0.017766235,-0.0073271226,-0.011084138,-0.0066062203,-0.017241355,-0.0022426576,-0.01391586,-0.017972797,-0.002157009,-6.919885e-05
363,-0.017766235,-0.0073271226,-0.011084138,-0.0066062203,-0.017241355,-0.0022426576,-0.01391586,-0.017972797,-0.002157009,-6.919885e-05
364,-0.017766235,-0.0073271226,-0.011084138,-0.0066062203,-0.017241355,-0.0022426576,-0.01391586,-0.017972797,-0.002157009,-6.919885e-05
365,-0.017766235,-0.0073271226,-0.011084138,-0.0066062203,-0.017241355,-0.0022426576,-0.01391586,-0.017972797,-0.002157009,-6.919885e-05
366,-0.017766235,-0.0073271226,-0.011084138,-0.0066062203,-0.017241355,-0.0022426576,-0.01391586,-0.017972797,-0.002157009,-6.919885e-05
367,-0.017766235,-0.0073271226,-0.011084138,-0.0066062203,-0.017241355,-0.0022426576,-0.01391586,-0.017972797,-0.002157009,-6.919885e-05
368,-0.017766235,-0.0073271226,-0.011084138,-0.0066062203,-0.017241355,-0.0022426576,-0.01391586,-0.017972797,-0.002157009,-6.919885e-05
369,-0.017766235,-0.0073271226,-0.011084138,-0.0066062203,-0.017241355,-0.0022426576,-0.01391586,-0.017972797,-0.002157009,-6.919885e-05
370,-0.017766235,-0.0073271226,-0.011084138,-0.0066062203,-0.017241355,-0.0022426576,-0.01391586,-0.017972797,-0.002157009,-6.919885e-05
371,-0.017766235,-0.0073271226,-0.011084138,-0.0066062203,-0.017241355,-0.0022426576,-0.01391586,-0.017972797,-0.002157009,-6.919885e-05
372,-0.017766235,-0.0073271226,-0.011084138,-0.0066062203,-0.017241355,-0.0022426576,-0.01391586,-0.017972797,-0.002157009,-6.919885e-05
373,-0.017766235,-0.0073271226,-0.011084138,-0.0066062203,-0.017241355,-0.0022426576,-0.01391586,-0.017972797,-0.002157009,-6.919885e-05
374,-0.017766235,-0.0073271226,-0.011084138,-0.0066062203,-0.017241355,-0.0022426576,-0.01391586,-0.017972797,-0.002157009,-6.919885e-05
375,-0.017766235,-0.0073271226,-0.011084138,-0.0066062203,-0.017241355,-0.0022426576,-0.01391586,-0.017972797,-0.002157009,-6.919885e-05
376,-0.017766235,-0.0073271226,-0.011084138,-0.0066062203,-0.017241355,-0.0022426576,-0.01391586,-0.017972797,-0.002157009,-6.919885e-05
377,-0.017766235,-0.0073271226,-0.011084138,-0.0066062203,-0.017241355,-0.0022426576,-0.01391586,-0.017972797,-0.002157009,-6.919885e-05
378,-0.017766235,-0.0073271226,-0.011084138,-0.0066062203,-0.017241355,-0.0022426576,-0.01391586,-0.017972797,-0.002157009,-6.919885e-05
379,-0.017766235,-0.0073271226,-0.011084138,-0.0066062203,-0.017241355,-0.0022426576,-0.01391586,-0.017972797,-0.002157009,-6.919885e-05
380,-0.017766235,-0.0073271226,-0.011084138,-0.0066062203,-0.017241355,-0.0022426576,-0.01391586,-0.017972797,-0.002157009,-6.919885e-05
381,-0.017766235,-0.0073271226,-0.011084138,-0.0066062203,-0.017241355,-0.0022426576,-0.01391586,-0.017972797,-0.002157009,-6.919885e-05
382,-0.017766235,-0.0073271226,-0.011084138,-0.0066062203,-0.017241355,-0.0022426576,-0.01391586,-0.017972797,-0.002157009,-6.919885e-05
383,-0.017766235,-0.0073271226,-0.011084138,-0.0066062203,-0.017241355,-0.0022426576,-0.01391586,-0.017972797,-0.002157009,-6.919885e-05
384,-0.017766235,-0.0073271226,-0.011084138,-0.0066062203,-0.017241355,-0.0022426576,-0.01391586,-0.017972797,-0.002157009,-6.919885e-05
385,-0.017766235,-0.0073271226,-0.011084138,-0.0066062203,-0.017241355,-0.0022426576,-0.01391586,-0.017972797,-0.002157009,-6.919885e-05
386,-0.017766235,-0.0073271226,-0.011084138,-0.0066062203,-0.017241355,-0.0022426576,-0.01391586,-0.017972797,-0.002157009,-6.919885e-05
387,-0.017766235,-0.0073271226,-0.011084138,-0.0066062203,-0.017241355,-0.0022426576,-0.01391586,-0.017972797,-0.002157009,-6.919885e-05
388,-0.017766235,-0.0073271226,-0.011084138,-0.0066062203,-0.017241355,-0.0022426576,-0.01391586,-0.017972797,-0.002157009,-6.919885e-05
389,-0.017766235,-0.0073271226,-0.011084138,-0.0066062203,-0.017241355,-0.0022426576,-0.01391586,-0.017972797,-0.002157009,-6.919885e-05
390,-0.017766235,-0.0073271226,-0.011084138,-0.0066062203,-0.017241355,-0.0022426576,-0.01391586,-0.017972797,-0.002157009,-6.919885e-05
391,-0.017766235,-0.0073271226,-0.011084138,-0.0066062203,-0.017241355,-0.0022426576,-0.01391586,-0.017972797,-0.002157009,-6.919885e-05
392,-0.017766235,-0.0073271226,-0.011084138,-0.0066062203,-0.017241355,-0.0022426576,-0.01391586,-0.017972797,-0.002157009,-6.919885e-05
393,-0.017766235,-0.0073271226,-0.011084138,-0.0066062203,-0.017241355,-0.0022426576,-0.01391586,-0.017972797,-0.002157009,-6.919885e-05
394,-0.017766235,-0.0073271226,-0.011084138,-0.0066062203,-0.017241355,-0.0022426576,-0.01391586,-0.017972797,-0.002157009,-6.919885e-05
395,-0.017766235,-0.0073271226,-0.011084138,-0.0066062203,-0.017241355,-0.0022426576,-0.01391586,-0.017972797,-0.002157009,-6.919885e-05
396,-0.017766235,-0.0073271226,-0.011084138,-0.0066062203,-0.017241355,-0.0022426576,-0.01391586,-0.017972797,-0.002157009,-6.919885e-05
397,-0.017766235,-0.0073271226,-0.011084138,-0.0066062203,-0.017241355,-0.0022426576,-0.01391586,-0.017972797,-0.002157009,-6.919885e-05
398,-0.017766235,-0.0073271226,-0.011084138,-0.0066062203,-0.017241355,-0.0022426576,-0.01391586,-0.017972797,-0.002157009,-6.919885e-05
399,-0.017766235,-0.0073271226,-0.011084138,-0.0066062203,-0.017241355,-0.0022426576,-0.01391586,-0.017972797,-0.002157009,-6.919885e-05
400,-0.017766235,-0.0073271226,-0.011084138,-0.0066062203,-0.017241355,-0.0022426576,-0.01391586,-0.017972797,-0.002157009,-6.919885e-05
401,-0.017766235,-0.0073271226,-0.011084138,-0.0066062203,-0.017241355,-0.0022426576,-0.01391586,-0.017972797,-0.002157009,-6.919885e-05
402,-0.017766235,-0.0073271226,-0.011084138,-0.0066062203,-0.017241355,-0.0022426576,-0.01391586,-0.017972797,-0.002157009,-6.919885e-05
403,-0.017766235,-0.0073271226,-0.011084138,-0.0066062203,-0.017241355,-0.0022426576,-0.01391586,-0.017972797,-0.002157009,-6.919885e-05
404,-0.017766235,-0.0073271226,-0.011084138,-0.0066062203,-0.017241355,-0.0022426576,-0.01391586,-0.017972797,-0.002157009,-6.919885e-05
405,-0.017766235,-0.0073271226,-0.011084138,-0.0066062203,-0.017241355,-0.0022426576,-0.01391586,-0.017972797,-0.002157009,-6.919885e-05
406,-0.017766235,-0.0073271226,-0.011084138,-0.0066062203,-0.017241355,-0.0022426576,-0.01391586,-0.017972797,-0.002157009,-6.919885e-05
407,-0.017766235,-0.0073271226,-0.011084138,-0.0066062203,-0.017241355,-0.0022426576,-0.01391586,-0.017972797,-0.002157009,-6.919885e-05
408,-0.017766235,-0.0073271226,-0.011084138,-0.0066062203,-0.017241355,-0.0022426576,-0.01391586,-0.017972797,-0.002157009,-6.919885e-05
409,-0.017766235,-0.0073271226,-0.011084138,-0.0066062203,-0.017241355,-0.0022426576,-0.01391586,-0.017972797,-0.002157009,-6.919885e-05
410,-0.017766235,-0.0073271226,-0.011084138,-0.0066062203,-0.017241355,-0.0022426576,-0.01391586,-0.017972797,-0.002157009,-6.919885e-05
411,-0.017766235,-0.0073271226,-0.011084138,-0.0066062203,-0.017241355,-0.0022426576,-0.01391586,-0.017972797,-0.002157009,-6.919885e-05
412,-0.017766235,-0.0073271226,-0.011084138,-0.0066062203,-0.017241355,-0.0022426576,-0.01391586,-0.017972797,-0.002157009,-6.919885e-05
413,-0.017766235,-0.0073271226,-0.011084138,-0.0066062203,-0.017241355,-0.0022426576,-0.01391586,-0.017972797,-0.002157009,-6.919885e-05
414,-0.017766235,-0.0073271226,-0.011084138,-0.0066062203,-0.017241355,-0.0022426576,-0.01391586,-0.017972797,-0.002157009,-6.919885e-05
415,-0.017766235,-0.0073271226,-0.011084138,-0.0066062203,-0.017241355,-0.0022426576,-0.01391586,-0.017972797,-0.002157009,-6.919885e-05
416,-0.017766235,-0.0073271226,-0.011084138,-0.0066062203,-0.017241355,-0.0022426576,-0.01391586,-0.017972797,-0.002157009,-6.919885e-05
417,-0.017766235,-0.0073271226,-0.011084138,-0.0066062203,-0.017241355,-0.0022426576,-0.01391586,-0.017972797,-0.002157009,-6.919885e-05
418,-0.017766235,-0.0073271226,-0.011084138,-0.0066062203,-0.017241355,-0.0022426576,-0.01391586,-0.017972797,-0.002157009,-6.919885e-05
419,-0.017766235,-0.0073271226,-0.011084138,-0.0066062203,-0.017241355,-0.0022426576,-0.01391586,-0.017972797,-0.002157009,-6.919885e-05
420,-0.017766235,-0.0073271226,-0.011084138,-0.0066062203,-0.017241355,-0.0022426576,-0.01391586,-0.017972797,-0.002157009,-6.919885e-05
421,-0.017766235,-0.0073271226,-0.011084138,-0.0066062203,-0.017241355,-0.0022426576,-0.01391586,-0.017972797,-0.002157009,-6.919885e-05
422,-0.017766235,-0.0073271226,-0.011084138,-0.0066062203,-0.017241355,-0.0022426576,-0.01391586,-0.017972797,-0.002157009,-6.919885e-05
423,-0.017766235,-0.0073271226,-0.011084138,-0.0066062203,-0.017241355,-0.0022426576,-0.01391586,-0.017972797,-0.002157009,-6.919885e-05
424,-0.017766235,-0.0073271226,-0.011084138,-0.0066062203,-0.017241355,-0.0022426576,-0.01391586,-0.017972797,-0.002157009,-6.919885e-05
425,-0.017766235,-0.0073271226,-0.011084138,-0.0066062203,-0.017241355,-0.0022426576,-0.01391586,-0.017972797,-0.002157009,-6.919885e-05
426,-0.017766235,-0.0073271226,-0.011084138,-0.0066062203,-0.017241355,-0.0022426576,-0.01391586,-0.017972797,-0.002157009,-6.919885e-05
427,-0.017766235,-0.0073271226,-0.011084138,-0.0066062203,-0.017241355,-0.0022426576,-0.01391586,-0.017972797,-0.002157009,-6.919885e-05
428,-0.017766235,-0.0073271226,-0.011084138,-0.0066062203,-0.017241355,-0.0022426576,-0.01391586,-0.017972797,-0.002157009,-6.919885e-05
429,-0.017766235,-0.0073271226,-0.011084138,-0.0066062203,-0.017241355,-0.0022426576,-0.01391586,-0.017972797,-0.002157009,-6.919885e-05
430,-0.017766235,-0.0073271226,-0.011084138,-0.0066062203,-0.017241355,-0.0022426576,-0.01391586,-0.017972797,-0.002157009,-6.919885e-05
431,-0.017766235,-0.0073271226,-0.011084138,-0.0066062203,-0.017241355,-0.0022426576,-0.01391586,-0.017972797,-0.002157009,-6.919885e-05
432,-0.017766235,-0.0073271226,-0.011084138,-0.0066062203,-0.017241355,-0.0022426576,-0.01391586,-0.017972797,-0.002157009,-6.919885e-05
433,-0.017766235,-0.0073271226,-0.011084138,-0.0066062203,-0.017241355,-0.0022426576,-0.01391586,-0.017972797,-0.002157009,-6.919885e-05
434,-0.017766235,-0.0073271226,-0.011084138,-0.0066062203,-0.017241355,-0.0022426576,-0.01391586,-0.017972797,-0.002157009,-6.919885e-05
435,-0.017766235,-0.0073271226,-0.011084138,-0.0066062203,-0.017241355,-0.0022426576,-0.01391586,-0.017972797,-0.002157009,-6.919885e-05
436,-0.017766235,-0.0073271226,-0.011084138,-0.0066062203,-0.017241355,-0.0022426576,-0.01391586,-0.017972797,-0.002157009,-6.919885e-05
437,-0.017766235,-0.0073271226,-0.011084138,-0.0066062203,-0.017241355,-0.0022426576,-0.01391586,-0.017972797,-0.002157009,-6.919885e-05
438,-0.017766235,-0.0073271226,-0.011084138,-0.0066062203,-0.017241355,-0.0022426576,-0.01391586,-0.017972797,-0.002157009,-6.919885e-05
439,-0.017766235,-0.0073271226,-0.011084138,-0.0066062203,-0.017241355,-0.0022426576,-0.01391586,-0.017972797,-0.002157009,-6.919885e-05
440,-0.017766235,-0.0073271226,-0.011084138,-0.0066062203,-0.017241355,-0.0022426576,-0.01391586,-0.017972797,-0.002157009,-6.919885e-05
441,-0.017766235,-0.0073271226,-0.011084138,-0.0066062203,-0.017241355,-0.0022426576,-0.01391586,-0.017972797,-0.002157009,-6.919885e-05
442,-0.017766235,-0.0073271226,-0.011084138,-0.0066062203,-0.017241355,-0.0022426576,-0.01391586,-0.017972797,-0.002157009,-6.919885e-05
443,-0.017766235,-0.0073271226,-0.011084138,-0.0066062203,-0.017241355,-0.0022426576,-0.01391586,-0.017972797,-0.002157009,-6.919885e-05
444,-0.017766235,-0.0073271226,-0.011084138,-0.0066062203,-0.017241355,-0.0022426576,-0.01391586,-0.017972797,-0.002157009,-6.919885e-05
445,-0.017766235,-0.0073271226,-0.011084138,-0.0066062203,-0.017241355,-0.0022426576,-0.01391586,-0.017972797,-0.002157009,-6.919885e-05
446,-0.017766235,-0.0073271226,-0.011084138,-0.0066062203,-0.017241355,-0.0022426576,-0.01391586,-0.017972797,-0.002157009,-6.919885e-05
447,-0.017766235,-0.0073271226,-0.011084138,-0.0066062203,-0.017241355,-0.0022426576,-0.01391586,-0.017972797,-0.002157009,-6.919885e-05
448,-0.017766235,-0.0073271226,-0.011084138,-0.0066062203,-0.017241355,-0.0022426576,-0.01391586,-0.017972797,-0.002157009,-6.919885e-05
449,-0.017766235,-0.0073271226,-0.011084138,-0.0066062203,-0.017241355,-0.0022426576,-0.01391586,-0.017972797,-0.002157009,-6.919885e-05
450,-0.017766235,-0.0073271226,-0.011084138,-0.0066062203,-0.017241355,-0.0022426576,-0.01391586,-0.017972797,-0.002157009,-6.919885e-05
451,-0.017766235,-0.0073271226,-0.011084138,-0.0066062203,-0.017241355,-0.0022426576,-0.01391586,-0.017972797,-0.002157009,-6.919885e-05
452,-0.017766235,-0.0073271226,-0.011084138,-0.0066062203,-0.017241355,-0.0022426576,-0.01391586,-0.017972797,-0.002157009,-6.919885e-05
453,-0.017766235,-0.0073271226,-0.011084138,-0.0066062203,-0.017241355,-0.0022426576,-0.01391586,-0.017972797,-0.002157009,-6.919885e-05
454,-0.017766235,-0.0073271226,-0.011084138,-0.0066062203,-0.017241355,-0.0022426576,-0.01391586,-0.017972797,-0.002157009,-6.919885e-05
455,-0.017766235,-0.0073271226,-0.011084138,-0.0066062203,-0.017241355,-0.0022426576,-0.01391586,-0.017972797,-0.002157009,-6.919885e-05
456,-0.017766235,-0.0073271226,-0.011084138,-0.0066062203,-0.017241355,-0.0022426576,-0.01391586,-0.017972797,-0.002157009,-6.919885e-05
457,-0.017766235,-0.0073271226,-0.011084138,-0.0066062203,-0.017241355,-0.0022426576,-0.01391586,-0.017972797,-0.002157009,-6.919885e-05
458,-0.017766235,-0.0073271226,-0.011084138,-0.0066062203,-0.017241355,-0.0022426576,-0.01391586,-0.017972797,-0.002157009,-6.919885e-05
459,-0.017766235,-0.0073271226,-0.011084138,-0.0066062203,-0.017241355,-0.0022426576,-0.01391586,-0.017972797,-0.002157009,-6.919885e-05
460,-0.017766235,-0.0073271226,-0.011084138,-0.0066062203,-0.017241355,-0.0022426576,-0.01391586,-0.017972797,-0.002157009,-6.919885e-05
461,-0.017766235,-0.0073271226,-0.011084138,-0.0066062203,-0.017241355,-0.0022426576,-0.01391586,-0.017972797,-0.002157009,-6.919885e-05
462,-0.017766235,-0.0073271226,-0.011084138,-0.0066062203,-0.017241355,-0.0022426576,-0.01391586,-0.017972797,-0.002157009,-6.919885e-05
463,-0.017766235,-0.0073271226,-0.011084138,-0.0066062203,-0.017241355,-0.0022426576,-0.01391586,-0.017972797,-0.002157009,-6.919885e-05
464,-0.017766235,-0.0073271226,-0.011084138,-0.0066062203,-0.017241355,-0.0022426576,-0.01391586,-0.017972797,-0.002157009,-6.919885e-05
465,-0.017766235,-0.0073271226,-0.011084138,-0.0066062203,-0.017241355,-0.0022426576,-0.01391586,-0.017972797,-0.002157009,-6.919885e-05
466,-0.017766235,-0.0073271226,-0.011084138,-0.0066062203,-0.017241355,-0.0022426576,-0.01391586,-0.017972797,-0.002157009,-6.919885e-05
467,-0.017766235,-0.0073271226,-0.011084138,-0.0066062203,-0.017241355,-0.0022426576,-0.01391586,-0.017972797,-0.002157009,-6.919885e-05
468,-0.017766235,-0.0073271226,-0.011084138,-0.0066062203,-0.017241355,-0.0022426576,-0.01391586,-0.017972797,-0.002157009,-6.919885e-05
469,-0.017766235,-0.0073271226,-0.011084138,-0.0066062203,-0.017241355,-0.0022426576,-0.01391586,-0.017972797,-0.002157009,-6.919885e-05
470,-0.017766235,-0.0073271226,-0.011084138,-0.0066062203,-0.017241355,-0.0022426576,-0.01391586,-0.017972797,-0.002157009,-6.919885e-05
471,-0.017766235,-0.0073271226,-0.011084138,-0.0066062203,-0.017241355,-0.0022426576,-0.01391586,-0.017972797,-0.002157009,-6.919885e-05
472,-0.017766235,-0.0073271226,-0.011084138,-0.0066062203,-0.017241355,-0.0022426576,-0.01391586,-0.017972797,-0.002157009,-6.919885e-05
473,-0.017766235,-0.0073271226,-0.011084138,-0.0066062203,-0.017241355,-0.0022426576,-0.01391586,-0.017972797,-0.002157009,-6.919885e-05
474,-0.017766235,-0.0073271226,-0.011084138,-0.0066062203,-0.017241355,-0.0022426576,-0.01391586,-0.017972797,-0.002157009,-6.919885e-05
475,-0.017766235,-0.0073271226,-0.011084138,-0.0066062203,-0.017241355,-0.0022426576,-0.01391586,-0.017972797,-0.002157009,-6.919885e-05
476,-0.017766235,-0.0073271226,-0.011084138,-0.0066062203,-0.017241355,-0.0022426576,-0.01391586,-0.017972797,-0.002157009,-6.919885e-05
477,-0.017766235,-0.0073271226,-0.011084138,-0.0066062203,-0.017241355,-0.0022426576,-0.01391586,-0.017972797,-0.002157009,-6.919885e-05
478,-0.017766235,-0.0073271226,-0.011084138,-0.0066062203,-0.017241355,-0.0022426576,-0.01391586,-0.017972797,-0.002157009,-6.919885e-05
479,-0.017766235,-0.0073271226,-0.011084138,-0.0066062203,-0.017241355,-0.0022426576,-0.01391586,-0.017972797,-0.002157009,-6.919885e-05
480,-0.017766235,-0.0073271226,-0.011084138,-0.0066062203,-0.017241355,-0.0022426576,-0.01391586,-0.017972797,-0.002157009,-6.919885e-05
481,-0.017766235,-0.0073271226,-0.011084138,-0.0066062203,-0.017241355,-0.0022426576,-0.01391586,-0.017972797,-0.002157009,-6.919885e-05
482,-0.017766235,-0.0073271226,-0.011084138,-0.0066062203,-0.017241355,-0.0022426576,-0.01391586,-0.017972797,-0.002157009,-6.919885e-05
483,-0.017766235,-0.0073271226,-0.011084138,-0.0066062203,-0.017241355,-0.0022426576,-0.01391586,-0.017972797,-0.002157009,-6.919885e-05
484,-0.017766235,-0.0073271226,-0.011084138,-0.0066062203,-0.017241355,-0.0022426576,-0.01391586,-0.017972797,-0.002157009,-6.919885e-05
485,-0.017766235,-0.0073271226,-0.011084138,-0.0066062203,-0.017241355,-0.0022426576,-0.01391586,-0.017972797,-0.002157009,-6.919885e-05
486,-0.017766235,-0.0073271226,-0.011084138,-0.0066062203,-0.017241355,-0.0022426576,-0.01391586,-0.017972797,-0.002157009,-6.919885e-05
487,-0.017766235,-0.0073271226,-0.011084138,-0.0066062203,-0.017241355,-0.0022426576,-0.01391586,-0.017972797,-0.002157009,-6.919885e-05
488,-0.017766235,-0.0073271226,-0.011084138,-0.0066062203,-0.017241355,-0.0022426576,-0.01391586,-0.017972797,-0.002157009,-6.919885e-05
489,-0.017766235,-0.0073271226,-0.011084138,-0.0066062203,-0.017241355,-0.0022426576,-0.01391586,-0.017972797,-0.002157009,-6.919885e-05
490,-0.017766235,-0.0073271226,-0.011084138,-0.0066062203,-0.017241355,-0.0022426576,-0.01391586,-0.017972797,-0.002157009,-6.919885e-05
491,-0.017766235,-0.0073271226,-0.011084138,-0.0066062203,-0.017241355,-0.0022426576,-0.01391586,-0.017972797,-0.002157009,-6.919885e-05
492,-0.017766235,-0.0073271226,-0.011084138,-0.0066062203,-0.017241355,-0.0022426576,-0.01391586,-0.017972797,-0.002157009,-6.919885e-05
493,-0.017766235,-0.0073271226,-0.011084138,-0.0066062203,-0.017241355,-0.0022426576,-0.01391586,-0.017972797,-0.002157009,-6.919885e-05
494,-0.017766235,-0.0073271226,-0.011084138,-0.0066062203,-0.017241355,-0.0022426576,-0.01391586,-0.017972797,-0.002157009,-6.919885e-05
495,-0.017766235,-0.0073271226,-0.011084138,-0.0066062203,-0.017241355,-0.0022426576,-0.01391586,-0.017972797,-0.002157009,-6.919885e-05
496,-0.017766235,-0.0073271226,-0.011084138,-0.0066062203,-0.017241355,-0.0022426576,-0.01391586,-0.017972797,-0.002157009,-6.919885e-05
497,-0.017766235,-0.0073271226,-0.011084138,-0.0066062203,-0.017241355,-0.0022426576,-0.01391586,-0.017972797,-0.002157009,-6.919885e-05
498,-0.017766235,-0.0073271226,-0.011084138,-0.0066062203,-0.017241355,-0.0022426576,-0.01391586,-0.017972797,-0.002157009,-6.919885e-05
499,-0.017766235,-0.0073271226,-0.011084138,-0.0066062203,-0.017241355,-0.0022426576,-0.01391586,-0.017972797,-0.002157009,-6.919885e-05
500,-0.017766235,-0.0073271226,-0.011084138,-0.0066062203,-0.017241355,-0.0022426576,-0.01391586,-0.017972797,-0.002157009,-6.919885e-05
